{
    "total metrics": {
        "total": 451,
        "right": 197,
        "acc": 0.43680709534368073
    },
    "open": {
        "total": 200,
        "right": 41,
        "bleu1": 0.25330636360512626,
        "bleu2": 0.013360030895961906,
        "bleu3": 3.979203475220611e-105,
        "bleu4": 2.2032242521880182e-156,
        "rouge1": 0.28561828677878426,
        "rouge2": 0.014047618956930272,
        "rougel": 0.28561828677878426,
        "precision": 0.28507164573479654,
        "recall": 0.3198942256651194,
        "f1": 0.3072916666666667,
        "em": 0.205,
        "acc": 0.0010249999999999999
    },
    "close": {
        "total": 251,
        "right": 156,
        "acc": 0.6215139442231076
    }
}