{
    "total metrics": {
        "total": 2094,
        "right": 821,
        "acc": 0.39207258834765996
    },
    "open": {
        "total": 1258,
        "right": 419,
        "bleu1": 0.3595562845126124,
        "bleu2": 0.008648255976345366,
        "bleu3": 2.5169240335674856e-105,
        "bleu4": 1.3692150768041464e-156,
        "rouge1": 0.3713804999360354,
        "rouge2": 0.00902827955921259,
        "rougel": 0.37022598407563717,
        "precision": 0.37126771949031073,
        "recall": 0.37569159177076245,
        "f1": 0.3761577849813144,
        "em": 0.33306836248012717,
        "acc": 0.00026476022454700095
    },
    "close": {
        "total": 836,
        "right": 402,
        "acc": 0.48086124401913877
    }
}